{
  "format": "javascript-image-pre1",
  "arch": "os.linux.x86_64",
  "load": [
    {
      "sourceMap": "packages/underscore.js.map",
      "path": "packages/underscore.js"
    },
    {
      "node_modules": "npm/node_modules/meteor/meteor/node_modules",
      "sourceMap": "packages/meteor.js.map",
      "path": "packages/meteor.js"
    },
    {
      "path": "packages/blaze-html-templates.js"
    },
    {
      "path": "packages/standard-minifier-css.js"
    },
    {
      "path": "packages/standard-minifier-js.js"
    },
    {
      "sourceMap": "packages/tracker.js.map",
      "path": "packages/tracker.js"
    },
    {
      "sourceMap": "packages/base64.js.map",
      "path": "packages/base64.js"
    },
    {
      "sourceMap": "packages/ejson.js.map",
      "path": "packages/ejson.js"
    },
    {
      "node_modules": "npm/node_modules/meteor/babel-compiler/node_modules",
      "sourceMap": "packages/babel-compiler.js.map",
      "path": "packages/babel-compiler.js"
    },
    {
      "sourceMap": "packages/ecmascript.js.map",
      "path": "packages/ecmascript.js"
    },
    {
      "node_modules": "npm/node_modules/meteor/npm-mongo/node_modules",
      "sourceMap": "packages/npm-mongo.js.map",
      "path": "packages/npm-mongo.js"
    },
    {
      "sourceMap": "packages/id-map.js.map",
      "path": "packages/id-map.js"
    },
    {
      "sourceMap": "packages/ordered-dict.js.map",
      "path": "packages/ordered-dict.js"
    },
    {
      "node_modules": "npm/node_modules/meteor/modules-runtime/node_modules",
      "sourceMap": "packages/modules-runtime.js.map",
      "path": "packages/modules-runtime.js"
    },
    {
      "sourceMap": "packages/modules.js.map",
      "path": "packages/modules.js"
    },
    {
      "node_modules": "npm/node_modules/meteor/promise/node_modules",
      "sourceMap": "packages/promise.js.map",
      "path": "packages/promise.js"
    },
    {
      "node_modules": "npm/node_modules/meteor/ecmascript-runtime/node_modules",
      "sourceMap": "packages/ecmascript-runtime.js.map",
      "path": "packages/ecmascript-runtime.js"
    },
    {
      "node_modules": "npm/node_modules/meteor/babel-runtime/node_modules",
      "sourceMap": "packages/babel-runtime.js.map",
      "path": "packages/babel-runtime.js"
    },
    {
      "sourceMap": "packages/random.js.map",
      "path": "packages/random.js"
    },
    {
      "sourceMap": "packages/mongo-id.js.map",
      "path": "packages/mongo-id.js"
    },
    {
      "sourceMap": "packages/diff-sequence.js.map",
      "path": "packages/diff-sequence.js"
    },
    {
      "sourceMap": "packages/geojson-utils.js.map",
      "path": "packages/geojson-utils.js"
    },
    {
      "sourceMap": "packages/minimongo.js.map",
      "path": "packages/minimongo.js"
    },
    {
      "sourceMap": "packages/check.js.map",
      "path": "packages/check.js"
    },
    {
      "sourceMap": "packages/retry.js.map",
      "path": "packages/retry.js"
    },
    {
      "sourceMap": "packages/ddp-common.js.map",
      "path": "packages/ddp-common.js"
    },
    {
      "node_modules": "npm/node_modules/meteor/ddp-client/node_modules",
      "sourceMap": "packages/ddp-client.js.map",
      "path": "packages/ddp-client.js"
    },
    {
      "sourceMap": "packages/rate-limit.js.map",
      "path": "packages/rate-limit.js"
    },
    {
      "sourceMap": "packages/ddp-rate-limiter.js.map",
      "path": "packages/ddp-rate-limiter.js"
    },
    {
      "node_modules": "npm/node_modules/meteor/logging/node_modules",
      "sourceMap": "packages/logging.js.map",
      "path": "packages/logging.js"
    },
    {
      "sourceMap": "packages/routepolicy.js.map",
      "path": "packages/routepolicy.js"
    },
    {
      "path": "packages/deps.js"
    },
    {
      "sourceMap": "packages/htmljs.js.map",
      "path": "packages/htmljs.js"
    },
    {
      "sourceMap": "packages/html-tools.js.map",
      "path": "packages/html-tools.js"
    },
    {
      "sourceMap": "packages/blaze-tools.js.map",
      "path": "packages/blaze-tools.js"
    },
    {
      "sourceMap": "packages/spacebars-compiler.js.map",
      "path": "packages/spacebars-compiler.js"
    },
    {
      "path": "packages/jquery.js"
    },
    {
      "sourceMap": "packages/observe-sequence.js.map",
      "path": "packages/observe-sequence.js"
    },
    {
      "sourceMap": "packages/reactive-var.js.map",
      "path": "packages/reactive-var.js"
    },
    {
      "sourceMap": "packages/blaze.js.map",
      "path": "packages/blaze.js"
    },
    {
      "sourceMap": "packages/spacebars.js.map",
      "path": "packages/spacebars.js"
    },
    {
      "path": "packages/ui.js"
    },
    {
      "sourceMap": "packages/boilerplate-generator.js.map",
      "path": "packages/boilerplate-generator.js",
      "assets": {
        "boilerplate_web.browser.html": "assets/packages/boilerplate-generator/boilerplate_web.browser.html",
        "boilerplate_web.cordova.html": "assets/packages/boilerplate-generator/boilerplate_web.cordova.html"
      }
    },
    {
      "sourceMap": "packages/webapp-hashing.js.map",
      "path": "packages/webapp-hashing.js"
    },
    {
      "node_modules": "npm/node_modules/meteor/webapp/node_modules",
      "sourceMap": "packages/webapp.js.map",
      "path": "packages/webapp.js"
    },
    {
      "sourceMap": "packages/callback-hook.js.map",
      "path": "packages/callback-hook.js"
    },
    {
      "node_modules": "npm/node_modules/meteor/ddp-server/node_modules",
      "sourceMap": "packages/ddp-server.js.map",
      "path": "packages/ddp-server.js"
    },
    {
      "path": "packages/ddp.js"
    },
    {
      "sourceMap": "packages/allow-deny.js.map",
      "path": "packages/allow-deny.js"
    },
    {
      "sourceMap": "packages/binary-heap.js.map",
      "path": "packages/binary-heap.js"
    },
    {
      "node_modules": "npm/node_modules/meteor/mongo/node_modules",
      "sourceMap": "packages/mongo.js.map",
      "path": "packages/mongo.js"
    },
    {
      "sourceMap": "packages/reactive-dict.js.map",
      "path": "packages/reactive-dict.js"
    },
    {
      "sourceMap": "packages/meteorhacks_inject-data.js.map",
      "path": "packages/meteorhacks_inject-data.js",
      "assets": {
        "lib/inject.html": "assets/packages/meteorhacks_inject-data/lib/inject.html"
      }
    },
    {
      "node_modules": "npm/node_modules/meteor/meteorhacks_picker/node_modules",
      "sourceMap": "packages/meteorhacks_picker.js.map",
      "path": "packages/meteorhacks_picker.js"
    },
    {
      "sourceMap": "packages/meteorhacks_meteorx.js.map",
      "path": "packages/meteorhacks_meteorx.js"
    },
    {
      "path": "packages/livedata.js"
    },
    {
      "sourceMap": "packages/accounts-base.js.map",
      "path": "packages/accounts-base.js"
    },
    {
      "node_modules": "npm/node_modules/meteor/meteorhacks_fast-render/node_modules",
      "sourceMap": "packages/meteorhacks_fast-render.js.map",
      "path": "packages/meteorhacks_fast-render.js"
    },
    {
      "node_modules": "npm/node_modules/meteor/kadira_flow-router/node_modules",
      "sourceMap": "packages/kadira_flow-router.js.map",
      "path": "packages/kadira_flow-router.js"
    },
    {
      "path": "packages/templating.js"
    },
    {
      "path": "packages/kadira_blaze-layout.js"
    },
    {
      "node_modules": "npm/node_modules/meteor/npm-bcrypt/node_modules",
      "sourceMap": "packages/npm-bcrypt.js.map",
      "path": "packages/npm-bcrypt.js"
    },
    {
      "sourceMap": "packages/sha.js.map",
      "path": "packages/sha.js"
    },
    {
      "sourceMap": "packages/srp.js.map",
      "path": "packages/srp.js"
    },
    {
      "node_modules": "npm/node_modules/meteor/email/node_modules",
      "sourceMap": "packages/email.js.map",
      "path": "packages/email.js"
    },
    {
      "sourceMap": "packages/accounts-password.js.map",
      "path": "packages/accounts-password.js"
    },
    {
      "path": "packages/twbs_bootstrap.js"
    },
    {
      "path": "packages/ian_accounts-ui-bootstrap-3.js"
    },
    {
      "sourceMap": "packages/anti_i18n.js.map",
      "path": "packages/anti_i18n.js"
    },
    {
      "path": "packages/coffeescript.js"
    },
    {
      "sourceMap": "packages/iron_core.js.map",
      "path": "packages/iron_core.js"
    },
    {
      "sourceMap": "packages/iron_url.js.map",
      "path": "packages/iron_url.js"
    },
    {
      "sourceMap": "packages/mrt_underscore-string-latest.js.map",
      "path": "packages/mrt_underscore-string-latest.js"
    },
    {
      "sourceMap": "packages/kaptron_minimongoid.js.map",
      "path": "packages/kaptron_minimongoid.js"
    },
    {
      "sourceMap": "packages/momentjs_moment.js.map",
      "path": "packages/momentjs_moment.js"
    },
    {
      "sourceMap": "packages/alanning_roles.js.map",
      "path": "packages/alanning_roles.js"
    },
    {
      "sourceMap": "packages/meteorhacks_subs-manager.js.map",
      "path": "packages/meteorhacks_subs-manager.js"
    },
    {
      "path": "packages/cfs_standard-packages.js"
    },
    {
      "sourceMap": "packages/cfs_base-package.js.map",
      "path": "packages/cfs_base-package.js"
    },
    {
      "path": "packages/mongo-livedata.js"
    },
    {
      "sourceMap": "packages/raix_eventemitter.js.map",
      "path": "packages/raix_eventemitter.js"
    },
    {
      "node_modules": "npm/node_modules/meteor/cfs_storage-adapter/node_modules",
      "sourceMap": "packages/cfs_storage-adapter.js.map",
      "path": "packages/cfs_storage-adapter.js"
    },
    {
      "node_modules": "npm/node_modules/meteor/cfs_gridfs/node_modules",
      "sourceMap": "packages/cfs_gridfs.js.map",
      "path": "packages/cfs_gridfs.js"
    },
    {
      "node_modules": "npm/node_modules/meteor/cfs_s3/node_modules",
      "sourceMap": "packages/cfs_s3.js.map",
      "path": "packages/cfs_s3.js"
    },
    {
      "node_modules": "npm/node_modules/meteor/simple_json-routes/node_modules",
      "sourceMap": "packages/simple_json-routes.js.map",
      "path": "packages/simple_json-routes.js"
    },
    {
      "sourceMap": "packages/url.js.map",
      "path": "packages/url.js"
    },
    {
      "node_modules": "npm/node_modules/meteor/http/node_modules",
      "sourceMap": "packages/http.js.map",
      "path": "packages/http.js"
    },
    {
      "node_modules": "npm/node_modules/meteor/cfs_data-man/node_modules",
      "sourceMap": "packages/cfs_data-man.js.map",
      "path": "packages/cfs_data-man.js"
    },
    {
      "node_modules": "npm/node_modules/meteor/cfs_file/node_modules",
      "sourceMap": "packages/cfs_file.js.map",
      "path": "packages/cfs_file.js"
    },
    {
      "node_modules": "npm/node_modules/meteor/cfs_tempstore/node_modules",
      "sourceMap": "packages/cfs_tempstore.js.map",
      "path": "packages/cfs_tempstore.js"
    },
    {
      "sourceMap": "packages/cfs_http-methods.js.map",
      "path": "packages/cfs_http-methods.js"
    },
    {
      "sourceMap": "packages/cfs_http-publish.js.map",
      "path": "packages/cfs_http-publish.js"
    },
    {
      "sourceMap": "packages/cfs_access-point.js.map",
      "path": "packages/cfs_access-point.js"
    },
    {
      "sourceMap": "packages/cfs_reactive-property.js.map",
      "path": "packages/cfs_reactive-property.js"
    },
    {
      "sourceMap": "packages/cfs_reactive-list.js.map",
      "path": "packages/cfs_reactive-list.js"
    },
    {
      "sourceMap": "packages/cfs_power-queue.js.map",
      "path": "packages/cfs_power-queue.js"
    },
    {
      "sourceMap": "packages/cfs_upload-http.js.map",
      "path": "packages/cfs_upload-http.js"
    },
    {
      "sourceMap": "packages/cfs_collection.js.map",
      "path": "packages/cfs_collection.js"
    },
    {
      "sourceMap": "packages/cfs_collection-filters.js.map",
      "path": "packages/cfs_collection-filters.js"
    },
    {
      "sourceMap": "packages/cfs_worker.js.map",
      "path": "packages/cfs_worker.js"
    },
    {
      "sourceMap": "packages/ryw_blog.js.map",
      "path": "packages/ryw_blog.js"
    },
    {
      "path": "packages/global-imports.js"
    },
    {
      "path": "app/server/index.js"
    },
    {
      "sourceMap": "packages/service-configuration.js.map",
      "path": "packages/service-configuration.js"
    }
  ]
}