{
  "format": "web-program-pre1",
  "manifest": [
    {
      "path": "b124d3a2b95f772f07e13abd47682b2ecb8fb20b.js",
      "where": "client",
      "type": "js",
      "cacheable": true,
      "url": "/b124d3a2b95f772f07e13abd47682b2ecb8fb20b.js?meteor_js_resource=true",
      "size": 1111919,
      "hash": "b124d3a2b95f772f07e13abd47682b2ecb8fb20b"
    },
    {
      "path": "e166d2be490fcb2752818ebe71be96f8775786e5.css",
      "where": "client",
      "type": "css",
      "cacheable": true,
      "url": "/e166d2be490fcb2752818ebe71be96f8775786e5.css?meteor_css_resource=true",
      "size": 153555,
      "hash": "e166d2be490fcb2752818ebe71be96f8775786e5"
    },
    {
      "path": "packages/twbs_bootstrap/dist/fonts/glyphicons-halflings-regular.eot",
      "where": "client",
      "type": "asset",
      "cacheable": false,
      "url": "/packages/twbs_bootstrap/dist/fonts/glyphicons-halflings-regular.eot",
      "size": 20127,
      "hash": "86b6f62b7853e67d3e635f6512a5a5efc58ea3c3"
    },
    {
      "path": "packages/twbs_bootstrap/dist/fonts/glyphicons-halflings-regular.svg",
      "where": "client",
      "type": "asset",
      "cacheable": false,
      "url": "/packages/twbs_bootstrap/dist/fonts/glyphicons-halflings-regular.svg",
      "size": 108738,
      "hash": "de51a8494180a6db074af2dee2383f0a363c5b08"
    },
    {
      "path": "packages/twbs_bootstrap/dist/fonts/glyphicons-halflings-regular.ttf",
      "where": "client",
      "type": "asset",
      "cacheable": false,
      "url": "/packages/twbs_bootstrap/dist/fonts/glyphicons-halflings-regular.ttf",
      "size": 45404,
      "hash": "44bc1850f570972267b169ae18f1cb06b611ffa2"
    },
    {
      "path": "packages/twbs_bootstrap/dist/fonts/glyphicons-halflings-regular.woff",
      "where": "client",
      "type": "asset",
      "cacheable": false,
      "url": "/packages/twbs_bootstrap/dist/fonts/glyphicons-halflings-regular.woff",
      "size": 23424,
      "hash": "278e49a86e634da6f2a02f3b47dd9d2a8f26210f"
    },
    {
      "path": "packages/twbs_bootstrap/dist/fonts/glyphicons-halflings-regular.woff2",
      "where": "client",
      "type": "asset",
      "cacheable": false,
      "url": "/packages/twbs_bootstrap/dist/fonts/glyphicons-halflings-regular.woff2",
      "size": 18028,
      "hash": "ca35b697d99cae4d1b60f2d60fcd37771987eb07"
    },
    {
      "path": "packages/ryw_blog/public/default-user.png",
      "where": "client",
      "type": "asset",
      "cacheable": false,
      "url": "/packages/ryw_blog/public/default-user.png",
      "size": 45226,
      "hash": "db18a4ebdfc426ad99f0ca3d1230c895a250bfc8"
    },
    {
      "path": "app/default-user.png",
      "where": "client",
      "type": "asset",
      "cacheable": false,
      "url": "/default-user.png",
      "size": 45226,
      "hash": "db18a4ebdfc426ad99f0ca3d1230c895a250bfc8"
    },
    {
      "path": "head.html",
      "where": "internal",
      "type": "head",
      "hash": "3835ea66c4439788a39d6526928bc1a65678fdf2"
    }
  ]
}